timestep,location,flow,occupy,speed
301,2,39,1,1
301,3,89,1,1
301,4,39,1,1
301,5,8,1,1
301,6,11,1,1
301,7,46,1,1
301,8,36,1,1
301,9,31,1,1
301,10,12,1,1
301,11,58,1,1
301,12,41,1,1
301,13,74,1,1
301,14,43,1,1
301,15,30,1,1
301,16,74,1,1
301,17,24,1,1
301,18,53,1,1
301,19,22,1,1
301,20,6,1,1
602,2,30,1,1
602,3,150,1,1
602,4,95,1,1
602,5,20,1,1
602,6,24,1,1
602,7,60,1,1
602,8,27,1,1
602,9,56,1,1
602,10,23,1,1
602,11,111,1,1
602,12,58,1,1
602,13,101,1,1
602,14,57,1,1
602,15,38,1,1
602,16,77,1,1
602,17,30,1,1
602,18,59,1,1
602,19,26,1,1
602,20,19,1,1
903,2,36,1,1
903,3,144,1,1
903,4,92,1,1
903,5,22,1,1
903,6,42,1,1
903,7,94,1,1
903,8,82,1,1
903,9,42,1,1
903,10,32,1,1
903,11,71,1,1
903,12,60,1,1
903,13,102,1,1
903,14,58,1,1
903,15,38,1,1
903,16,169,1,1
903,17,40,1,1
903,18,81,1,1
903,19,31,1,1
903,20,9,1,1
1204,2,29,1,1
1204,3,177,1,1
1204,4,95,1,1
1204,5,32,1,1
1204,6,35,1,1
1204,7,90,1,1
1204,8,84,1,1
1204,9,58,1,1
1204,10,57,1,1
1204,11,109,1,1
1204,12,89,1,1
1204,13,128,1,1
1204,14,76,1,1
1204,15,50,1,1
1204,16,153,1,1
1204,17,41,1,1
1204,18,81,1,1
1204,19,28,1,1
1204,20,26,1,1
1505,2,32,1,1
1505,3,125,1,1
1505,4,84,1,1
1505,5,27,1,1
1505,6,27,1,1
1505,7,90,1,1
1505,8,52,1,1
1505,9,74,1,1
1505,10,19,1,1
1505,11,102,1,1
1505,12,38,1,1
1505,13,70,1,1
1505,14,51,1,1
1505,15,43,1,1
1505,16,93,1,1
1505,17,29,1,1
1505,18,52,1,1
1505,19,31,1,1
1505,20,29,1,1
1806,2,43,1,1
1806,3,175,1,1
1806,4,78,1,1
1806,5,30,1,1
1806,6,50,1,1
1806,7,114,1,1
1806,8,89,1,1
1806,9,74,1,1
1806,10,26,1,1
1806,11,96,1,1
1806,12,41,1,1
1806,13,105,1,1
1806,14,46,1,1
1806,15,49,1,1
1806,16,166,1,1
1806,17,42,1,1
1806,18,57,1,1
1806,19,43,1,1
1806,20,21,1,1
2107,2,43,1,1
2107,3,150,1,1
2107,4,113,1,1
2107,5,46,1,1
2107,6,49,1,1
2107,7,126,1,1
2107,8,42,1,1
2107,9,63,1,1
2107,10,38,1,1
2107,11,107,1,1
2107,12,71,1,1
2107,13,123,1,1
2107,14,81,1,1
2107,15,44,1,1
2107,16,96,1,1
2107,17,34,1,1
2107,18,89,1,1
2107,19,39,1,1
2107,20,20,1,1
2408,2,37,1,1
2408,3,164,1,1
2408,4,123,1,1
2408,5,30,1,1
2408,6,29,1,1
2408,7,108,1,1
2408,8,10,1,1
2408,9,103,1,1
2408,10,24,1,1
2408,11,67,1,1
2408,12,45,1,1
2408,13,137,1,1
2408,14,70,1,1
2408,15,63,1,1
2408,16,22,1,1
2408,17,28,1,1
2408,18,72,1,1
2408,19,18,1,1
2408,20,39,1,1
2709,2,59,1,1
2709,3,87,1,1
2709,4,75,1,1
2709,5,35,1,1
2709,6,54,1,1
2709,7,114,1,1
2709,8,7,1,1
2709,9,64,1,1
2709,10,46,1,1
2709,11,54,1,1
2709,12,42,1,1
2709,13,119,1,1
2709,14,88,1,1
2709,15,39,1,1
2709,16,18,1,1
2709,17,25,1,1
2709,18,77,1,1
2709,19,5,1,1
2709,20,22,1,1
3010,2,49,1,1
3010,3,105,1,1
3010,4,130,1,1
3010,5,37,1,1
3010,6,42,1,1
3010,7,31,1,1
3010,8,9,1,1
3010,9,86,1,1
3010,10,37,1,1
3010,11,13,1,1
3010,12,29,1,1
3010,13,115,1,1
3010,14,69,1,1
3010,15,51,1,1
3010,16,9,1,1
3010,17,25,1,1
3010,18,80,1,1
3010,19,3,1,1
3010,20,36,1,1
3311,2,65,1,1
3311,3,133,1,1
3311,4,78,1,1
3311,5,39,1,1
3311,6,40,1,1
3311,7,13,1,1
3311,8,9,1,1
3311,9,93,1,1
3311,10,27,1,1
3311,11,76,1,1
3311,12,47,1,1
3311,13,150,1,1
3311,14,41,1,1
3311,15,72,1,1
3311,16,41,1,1
3311,17,24,1,1
3311,18,89,1,1
3311,19,7,1,1
3311,20,40,1,1
3612,2,48,1,1
3612,3,118,1,1
3612,4,78,1,1
3612,5,35,1,1
3612,6,42,1,1
3612,7,12,1,1
3612,8,12,1,1
3612,9,70,1,1
3612,10,37,1,1
3612,11,47,1,1
3612,12,41,1,1
3612,13,146,1,1
3612,14,39,1,1
3612,15,42,1,1
3612,16,19,1,1
3612,17,21,1,1
3612,18,86,1,1
3612,19,3,1,1
3612,20,20,1,1
3913,2,12,1,1
3913,3,130,1,1
3913,4,102,1,1
3913,5,48,1,1
3913,6,44,1,1
3913,7,3,1,1
3913,8,8,1,1
3913,9,85,1,1
3913,10,39,1,1
3913,11,29,1,1
3913,12,53,1,1
3913,13,109,1,1
3913,14,50,1,1
3913,15,63,1,1
3913,16,24,1,1
3913,17,24,1,1
3913,18,102,1,1
3913,19,5,1,1
3913,20,34,1,1
4214,2,15,1,1
4214,3,106,1,1
4214,4,101,1,1
4214,5,28,1,1
4214,6,39,1,1
4214,7,20,1,1
4214,8,13,1,1
4214,9,92,1,1
4214,10,28,1,1
4214,11,80,1,1
4214,12,30,1,1
4214,13,10,1,1
4214,14,40,1,1
4214,15,66,1,1
4214,16,45,1,1
4214,17,34,1,1
4214,18,86,1,1
4214,19,8,1,1
4214,20,46,1,1
4515,2,13,1,1
4515,3,18,1,1
4515,4,33,1,1
4515,5,7,1,1
4515,6,53,1,1
4515,7,14,1,1
4515,8,13,1,1
4515,9,81,1,1
4515,10,41,1,1
4515,11,13,1,1
4515,12,5,1,1
4515,13,6,1,1
4515,14,48,1,1
4515,15,42,1,1
4515,16,10,1,1
4515,17,17,1,1
4515,18,85,1,1
4515,19,2,1,1
4515,20,27,1,1
4816,2,2,1,1
4816,3,26,1,1
4816,4,43,1,1
4816,5,33,1,1
4816,6,37,1,1
4816,7,20,1,1
4816,8,15,1,1
4816,9,54,1,1
4816,10,23,1,1
4816,11,10,1,1
4816,12,3,1,1
4816,13,37,1,1
4816,14,21,1,1
4816,15,34,1,1
4816,16,22,1,1
4816,17,18,1,1
4816,18,45,1,1
4816,19,2,1,1
4816,20,13,1,1
5117,2,95,1,1
5117,3,123,1,1
5117,4,84,1,1
5117,5,43,1,1
5117,6,31,1,1
5117,7,10,1,1
5117,8,10,1,1
5117,9,76,1,1
5117,10,20,1,1
5117,11,35,1,1
5117,12,35,1,1
5117,13,162,1,1
5117,14,20,1,1
5117,15,41,1,1
5117,16,19,1,1
5117,17,24,1,1
5117,18,56,1,1
5117,19,2,1,1
5117,20,22,1,1
5418,2,27,1,1
5418,3,136,1,1
5418,4,90,1,1
5418,5,43,1,1
5418,6,47,1,1
5418,7,10,1,1
5418,8,19,1,1
5418,9,69,1,1
5418,10,40,1,1
5418,11,68,1,1
5418,12,53,1,1
5418,13,148,1,1
5418,14,40,1,1
5418,15,49,1,1
5418,16,34,1,1
5418,17,26,1,1
5418,18,75,1,1
5418,19,9,1,1
5418,20,19,1,1
5719,2,4,1,1
5719,3,57,1,1
5719,4,60,1,1
5719,5,22,1,1
5719,6,27,1,1
5719,7,13,1,1
5719,8,20,1,1
5719,9,77,1,1
5719,10,24,1,1
5719,11,43,1,1
5719,12,25,1,1
5719,13,34,1,1
5719,14,21,1,1
5719,15,42,1,1
5719,16,35,1,1
5719,17,25,1,1
5719,18,65,1,1
5719,19,3,1,1
5719,20,21,1,1
6020,2,3,1,1
6020,3,66,1,1
6020,4,96,1,1
6020,5,28,1,1
6020,6,23,1,1
6020,7,11,1,1
6020,8,3,1,1
6020,9,29,1,1
6020,10,13,1,1
6020,11,10,1,1
6020,12,5,1,1
6020,13,40,1,1
6020,14,21,1,1
6020,15,34,1,1
6020,16,21,1,1
6020,17,3,1,1
6020,18,13,1,1
6020,19,2,1,1
6020,20,18,1,1
6321,2,5,1,1
6321,3,111,1,1
6321,4,52,1,1
6321,5,39,1,1
6321,6,13,1,1
6321,7,18,1,1
6321,8,4,1,1
6321,9,5,1,1
6321,10,30,1,1
6321,11,73,1,1
6321,12,56,1,1
6321,13,15,1,1
6321,14,20,1,1
6321,15,27,1,1
6321,16,37,1,1
6321,17,20,1,1
6321,18,24,1,1
6321,19,10,1,1
6321,20,4,1,1
6622,2,1,1,1
6622,3,86,1,1
6622,4,83,1,1
6622,5,24,1,1
6622,6,8,1,1
6622,7,34,1,1
6622,8,4,1,1
6622,9,16,1,1
6622,10,11,1,1
6622,11,32,1,1
6622,12,34,1,1
6622,13,2,1,1
6622,14,16,1,1
6622,15,16,1,1
6622,16,36,1,1
6622,17,9,1,1
6622,18,11,1,1
6622,19,8,1,1
6622,20,7,1,1
6923,2,12,1,1
6923,3,147,1,1
6923,4,81,1,1
6923,5,23,1,1
6923,6,5,1,1
6923,7,11,1,1
6923,8,2,1,1
6923,9,2,1,1
6923,10,23,1,1
6923,11,63,1,1
6923,12,52,1,1
6923,13,16,1,1
6923,14,31,1,1
6923,15,3,1,1
6923,16,6,1,1
6923,17,7,1,1
6923,18,34,1,1
6923,19,7,1,1
6923,20,1,1,1
7224,2,35,1,1
7224,3,147,1,1
7224,4,40,1,1
7224,5,18,1,1
7224,6,1,1,1
7224,7,12,1,1
7224,8,5,1,1
7224,9,6,1,1
7224,10,40,1,1
7224,11,112,1,1
7224,12,83,1,1
7224,13,133,1,1
7224,14,57,1,1
7224,15,13,1,1
7224,16,31,1,1
7224,17,29,1,1
7224,18,37,1,1
7224,19,19,1,1
7224,20,6,1,1
7525,2,20,1,1
7525,3,114,1,1
7525,4,94,1,1
7525,5,17,1,1
7525,6,2,1,1
7525,7,7,1,1
7525,8,3,1,1
7525,9,9,1,1
7525,10,36,1,1
7525,11,30,1,1
7525,12,40,1,1
7525,13,117,1,1
7525,14,43,1,1
7525,15,15,1,1
7525,16,28,1,1
7525,17,11,1,1
7525,18,40,1,1
7525,19,8,1,1
7525,20,7,1,1
7826,2,51,1,1
7826,3,125,1,1
7826,4,95,1,1
7826,5,22,1,1
7826,6,2,1,1
7826,7,11,1,1
7826,8,4,1,1
7826,9,7,1,1
7826,10,38,1,1
7826,11,97,1,1
7826,12,53,1,1
7826,13,60,1,1
7826,14,34,1,1
7826,15,14,1,1
7826,16,29,1,1
7826,17,20,1,1
7826,18,29,1,1
7826,19,8,1,1
7826,20,6,1,1
8127,2,2,1,1
8127,3,9,1,1
8127,4,33,1,1
8127,5,9,1,1
8127,6,0,1,1
8127,7,10,1,1
8127,8,4,1,1
8127,9,5,1,1
8127,10,20,1,1
8127,11,32,1,1
8127,12,17,1,1
8127,13,27,1,1
8127,14,18,1,1
8127,15,12,1,1
8127,16,13,1,1
8127,17,9,1,1
8127,18,12,1,1
8127,19,5,1,1
8127,20,4,1,1
8428,2,8,1,1
8428,3,118,1,1
8428,4,56,1,1
8428,5,20,1,1
8428,6,1,1,1
8428,7,6,1,1
8428,8,7,1,1
8428,9,6,1,1
8428,10,28,1,1
8428,11,41,1,1
8428,12,41,1,1
8428,13,10,1,1
8428,14,17,1,1
8428,15,17,1,1
8428,16,21,1,1
8428,17,7,1,1
8428,18,29,1,1
8428,19,3,1,1
8428,20,5,1,1
8729,2,1,1,1
8729,3,114,1,1
8729,4,60,1,1
8729,5,24,1,1
8729,6,2,1,1
8729,7,10,1,1
8729,8,2,1,1
8729,9,3,1,1
8729,10,2,1,1
8729,11,52,1,1
8729,12,31,1,1
8729,13,7,1,1
8729,14,19,1,1
8729,15,2,1,1
8729,16,7,1,1
8729,17,10,1,1
8729,18,12,1,1
8729,19,11,1,1
8729,20,2,1,1
9030,2,1,1,1
9030,3,15,1,1
9030,4,27,1,1
9030,5,21,1,1
9030,6,1,1,1
9030,7,12,1,1
9030,8,3,1,1
9030,9,7,1,1
9030,10,18,1,1
9030,11,29,1,1
9030,12,17,1,1
9030,13,42,1,1
9030,14,20,1,1
9030,15,14,1,1
9030,16,26,1,1
9030,17,11,1,1
9030,18,29,1,1
9030,19,12,1,1
9030,20,7,1,1
9331,2,89,1,1
9331,3,155,1,1
9331,4,83,1,1
9331,5,18,1,1
9331,6,1,1,1
9331,7,6,1,1
9331,8,3,1,1
9331,9,2,1,1
9331,10,9,1,1
9331,11,25,1,1
9331,12,49,1,1
9331,13,169,1,1
9331,14,28,1,1
9331,15,3,1,1
9331,16,7,1,1
9331,17,3,1,1
9331,18,26,1,1
9331,19,5,1,1
9331,20,2,1,1
9632,2,47,1,1
9632,3,130,1,1
9632,4,88,1,1
9632,5,25,1,1
9632,6,1,1,1
9632,7,17,1,1
9632,8,4,1,1
9632,9,0,1,1
9632,10,22,1,1
9632,11,89,1,1
9632,12,44,1,1
9632,13,61,1,1
9632,14,43,1,1
9632,15,7,1,1
9632,16,29,1,1
9632,17,20,1,1
9632,18,28,1,1
9632,19,7,1,1
9632,20,0,1,1
9933,2,17,1,1
9933,3,125,1,1
9933,4,94,1,1
9933,5,32,1,1
9933,6,1,1,1
9933,7,11,1,1
9933,8,5,1,1
9933,9,6,1,1
9933,10,43,1,1
9933,11,74,1,1
9933,12,54,1,1
9933,13,72,1,1
9933,14,55,1,1
9933,15,14,1,1
9933,16,30,1,1
9933,17,19,1,1
9933,18,42,1,1
9933,19,18,1,1
9933,20,5,1,1
10234,2,32,1,1
10234,3,122,1,1
10234,4,74,1,1
10234,5,16,1,1
10234,6,1,1,1
10234,7,7,1,1
10234,8,5,1,1
10234,9,1,1,1
10234,10,40,1,1
10234,11,44,1,1
10234,12,46,1,1
10234,13,73,1,1
10234,14,36,1,1
10234,15,4,1,1
10234,16,11,1,1
10234,17,5,1,1
10234,18,24,1,1
10234,19,3,1,1
10234,20,0,1,1
10535,2,50,1,1
10535,3,114,1,1
10535,4,56,1,1
10535,5,25,1,1
10535,6,2,1,1
10535,7,15,1,1
10535,8,5,1,1
10535,9,2,1,1
10535,10,29,1,1
10535,11,50,1,1
10535,12,37,1,1
10535,13,95,1,1
10535,14,32,1,1
10535,15,4,1,1
10535,16,13,1,1
10535,17,7,1,1
10535,18,27,1,1
10535,19,4,1,1
10535,20,0,1,1
10836,2,27,1,1
10836,3,151,1,1
10836,4,83,1,1
10836,5,17,1,1
10836,6,2,1,1
10836,7,10,1,1
10836,8,3,1,1
10836,9,0,1,1
10836,10,42,1,1
10836,11,75,1,1
10836,12,59,1,1
10836,13,46,1,1
10836,14,43,1,1
10836,15,7,1,1
10836,16,14,1,1
10836,17,6,1,1
10836,18,34,1,1
10836,19,10,1,1
10836,20,0,1,1
11137,2,23,1,1
11137,3,89,1,1
11137,4,72,1,1
11137,5,10,1,1
11137,6,2,1,1
11137,7,13,1,1
11137,8,5,1,1
11137,9,2,1,1
11137,10,35,1,1
11137,11,28,1,1
11137,12,22,1,1
11137,13,48,1,1
11137,14,47,1,1
11137,15,8,1,1
11137,16,18,1,1
11137,17,5,1,1
11137,18,27,1,1
11137,19,9,1,1
11137,20,2,1,1
11438,2,16,1,1
11438,3,132,1,1
11438,4,102,1,1
11438,5,20,1,1
11438,6,2,1,1
11438,7,6,1,1
11438,8,3,1,1
11438,9,2,1,1
11438,10,8,1,1
11438,11,19,1,1
11438,12,12,1,1
11438,13,44,1,1
11438,14,20,1,1
11438,15,6,1,1
11438,16,11,1,1
11438,17,6,1,1
11438,18,5,1,1
11438,19,7,1,1
11438,20,2,1,1
11739,2,6,1,1
11739,3,97,1,1
11739,4,82,1,1
11739,5,22,1,1
11739,6,3,1,1
11739,7,11,1,1
11739,8,17,1,1
11739,9,5,1,1
11739,10,10,1,1
11739,11,61,1,1
11739,12,46,1,1
11739,13,14,1,1
11739,14,11,1,1
11739,15,7,1,1
11739,16,24,1,1
11739,17,8,1,1
11739,18,18,1,1
11739,19,12,1,1
11739,20,1,1,1
12040,2,0,1,1
12040,3,100,1,1
12040,4,57,1,1
12040,5,14,1,1
12040,6,0,1,1
12040,7,32,1,1
12040,8,10,1,1
12040,9,8,1,1
12040,10,10,1,1
12040,11,55,1,1
12040,12,55,1,1
12040,13,12,1,1
12040,14,37,1,1
12040,15,8,1,1
12040,16,18,1,1
12040,17,8,1,1
12040,18,24,1,1
12040,19,2,1,1
12040,20,2,1,1
12341,2,0,1,1
12341,3,133,1,1
12341,4,86,1,1
12341,5,24,1,1
12341,6,2,1,1
12341,7,12,1,1
12341,8,3,1,1
12341,9,1,1,1
12341,10,26,1,1
12341,11,72,1,1
12341,12,62,1,1
12341,13,38,1,1
12341,14,40,1,1
12341,15,9,1,1
12341,16,20,1,1
12341,17,18,1,1
12341,18,22,1,1
12341,19,11,1,1
12341,20,1,1,1
12642,2,0,1,1
12642,3,110,1,1
12642,4,55,1,1
12642,5,27,1,1
12642,6,3,1,1
12642,7,9,1,1
12642,8,3,1,1
12642,9,4,1,1
12642,10,28,1,1
12642,11,63,1,1
12642,12,38,1,1
12642,13,7,1,1
12642,14,42,1,1
12642,15,9,1,1
12642,16,32,1,1
12642,17,13,1,1
12642,18,29,1,1
12642,19,18,1,1
12642,20,3,1,1
12943,2,0,1,1
12943,3,42,1,1
12943,4,27,1,1
12943,5,10,1,1
12943,6,2,1,1
12943,7,16,1,1
12943,8,4,1,1
12943,9,2,1,1
12943,10,20,1,1
12943,11,29,1,1
12943,12,22,1,1
12943,13,0,1,1
12943,14,39,1,1
12943,15,2,1,1
12943,16,4,1,1
12943,17,5,1,1
12943,18,24,1,1
12943,19,1,1,1
12943,20,0,1,1
13244,2,0,1,1
13244,3,101,1,1
13244,4,59,1,1
13244,5,26,1,1
13244,6,1,1,1
13244,7,7,1,1
13244,8,5,1,1
13244,9,0,1,1
13244,10,14,1,1
13244,11,45,1,1
13244,12,49,1,1
13244,13,5,1,1
13244,14,36,1,1
13244,15,5,1,1
13244,16,11,1,1
13244,17,6,1,1
13244,18,22,1,1
13244,19,3,1,1
13244,20,0,1,1
13545,2,0,1,1
13545,3,103,1,1
13545,4,62,1,1
13545,5,20,1,1
13545,6,1,1,1
13545,7,9,1,1
13545,8,7,1,1
13545,9,4,1,1
13545,10,6,1,1
13545,11,66,1,1
13545,12,43,1,1
13545,13,8,1,1
13545,14,1,1,1
13545,15,8,1,1
13545,16,23,1,1
13545,17,14,1,1
13545,18,8,1,1
13545,19,10,1,1
13545,20,1,1,1
13846,2,0,1,1
13846,3,71,1,1
13846,4,47,1,1
13846,5,13,1,1
13846,6,2,1,1
13846,7,15,1,1
13846,8,5,1,1
13846,9,3,1,1
13846,10,14,1,1
13846,11,44,1,1
13846,12,60,1,1
13846,13,6,1,1
13846,14,16,1,1
13846,15,12,1,1
13846,16,15,1,1
13846,17,8,1,1
13846,18,21,1,1
13846,19,4,1,1
13846,20,2,1,1
14147,2,0,1,1
14147,3,79,1,1
14147,4,31,1,1
14147,5,23,1,1
14147,6,4,1,1
14147,7,8,1,1
14147,8,4,1,1
14147,9,5,1,1
14147,10,20,1,1
14147,11,118,1,1
14147,12,84,1,1
14147,13,6,1,1
14147,14,15,1,1
14147,15,12,1,1
14147,16,33,1,1
14147,17,28,1,1
14147,18,19,1,1
14147,19,13,1,1
14147,20,1,1,1
14448,2,0,1,1
14448,3,60,1,1
14448,4,18,1,1
14448,5,18,1,1
14448,6,2,1,1
14448,7,8,1,1
14448,8,3,1,1
14448,9,3,1,1
14448,10,8,1,1
14448,11,93,1,1
14448,12,66,1,1
14448,13,8,1,1
14448,14,6,1,1
14448,15,7,1,1
14448,16,24,1,1
14448,17,17,1,1
14448,18,5,1,1
14448,19,17,1,1
14448,20,3,1,1
14749,2,0,1,1
14749,3,40,1,1
14749,4,1,1,1
14749,5,5,1,1
14749,6,6,1,1
14749,7,10,1,1
14749,8,5,1,1
14749,9,3,1,1
14749,10,3,1,1
14749,11,50,1,1
14749,12,41,1,1
14749,13,2,1,1
14749,14,2,1,1
14749,15,15,1,1
14749,16,30,1,1
14749,17,14,1,1
14749,18,6,1,1
14749,19,7,1,1
14749,20,3,1,1
15050,2,0,1,1
15050,3,86,1,1
15050,4,22,1,1
15050,5,23,1,1
15050,6,3,1,1
15050,7,6,1,1
15050,8,3,1,1
15050,9,3,1,1
15050,10,14,1,1
15050,11,96,1,1
15050,12,96,1,1
15050,13,11,1,1
15050,14,9,1,1
15050,15,11,1,1
15050,16,16,1,1
15050,17,20,1,1
15050,18,9,1,1
15050,19,15,1,1
15050,20,3,1,1
15351,2,0,1,1
15351,3,65,1,1
15351,4,18,1,1
15351,5,18,1,1
15351,6,1,1,1
15351,7,5,1,1
15351,8,4,1,1
15351,9,1,1,1
15351,10,14,1,1
15351,11,109,1,1
15351,12,70,1,1
15351,13,13,1,1
15351,14,0,1,1
15351,15,7,1,1
15351,16,34,1,1
15351,17,20,1,1
15351,18,13,1,1
15351,19,13,1,1
15351,20,1,1,1
15652,2,0,1,1
15652,3,57,1,1
15652,4,10,1,1
15652,5,10,1,1
15652,6,4,1,1
15652,7,7,1,1
15652,8,7,1,1
15652,9,5,1,1
15652,10,3,1,1
15652,11,60,1,1
15652,12,73,1,1
15652,13,13,1,1
15652,14,0,1,1
15652,15,16,1,1
15652,16,25,1,1
15652,17,22,1,1
15652,18,6,1,1
15652,19,9,1,1
15652,20,3,1,1
15953,2,0,1,1
15953,3,86,1,1
15953,4,0,1,1
15953,5,0,1,1
15953,6,3,1,1
15953,7,18,1,1
15953,8,7,1,1
15953,9,3,1,1
15953,10,9,1,1
15953,11,75,1,1
15953,12,92,1,1
15953,13,13,1,1
15953,14,1,1,1
15953,15,15,1,1
15953,16,38,1,1
15953,17,31,1,1
15953,18,17,1,1
15953,19,17,1,1
15953,20,3,1,1
16254,2,0,1,1
16254,3,72,1,1
16254,4,0,1,1
16254,5,0,1,1
16254,6,1,1,1
16254,7,5,1,1
16254,8,2,1,1
16254,9,6,1,1
16254,10,10,1,1
16254,11,57,1,1
16254,12,78,1,1
16254,13,9,1,1
16254,14,0,1,1
16254,15,7,1,1
16254,16,32,1,1
16254,17,22,1,1
16254,18,10,1,1
16254,19,21,1,1
16254,20,6,1,1
16555,2,0,1,1
16555,3,9,1,1
16555,4,0,1,1
16555,5,0,1,1
16555,6,2,1,1
16555,7,4,1,1
16555,8,3,1,1
16555,9,3,1,1
16555,10,0,1,1
16555,11,18,1,1
16555,12,7,1,1
16555,13,0,1,1
16555,14,0,1,1
16555,15,16,1,1
16555,16,28,1,1
16555,17,24,1,1
16555,18,8,1,1
16555,19,10,1,1
16555,20,1,1,1
16856,2,0,1,1
16856,3,34,1,1
16856,4,0,1,1
16856,5,0,1,1
16856,6,3,1,1
16856,7,6,1,1
16856,8,7,1,1
16856,9,6,1,1
16856,10,0,1,1
16856,11,57,1,1
16856,12,34,1,1
16856,13,0,1,1
16856,14,0,1,1
16856,15,15,1,1
16856,16,41,1,1
16856,17,30,1,1
16856,18,8,1,1
16856,19,14,1,1
16856,20,4,1,1
17157,2,0,1,1
17157,3,19,1,1
17157,4,0,1,1
17157,5,0,1,1
17157,6,0,1,1
17157,7,6,1,1
17157,8,2,1,1
17157,9,1,1,1
17157,10,0,1,1
17157,11,42,1,1
17157,12,19,1,1
17157,13,0,1,1
17157,14,0,1,1
17157,15,9,1,1
17157,16,27,1,1
17157,17,24,1,1
17157,18,6,1,1
17157,19,17,1,1
17157,20,1,1,1
17458,2,0,1,1
17458,3,14,1,1
17458,4,0,1,1
17458,5,0,1,1
17458,6,1,1,1
17458,7,5,1,1
17458,8,7,1,1
17458,9,4,1,1
17458,10,0,1,1
17458,11,27,1,1
17458,12,14,1,1
17458,13,0,1,1
17458,14,0,1,1
17458,15,16,1,1
17458,16,36,1,1
17458,17,26,1,1
17458,18,3,1,1
17458,19,12,1,1
17458,20,4,1,1
17759,2,0,1,1
17759,3,0,1,1
17759,4,0,1,1
17759,5,0,1,1
17759,6,2,1,1
17759,7,10,1,1
17759,8,3,1,1
17759,9,0,1,1
17759,10,0,1,1
17759,11,23,1,1
17759,12,0,1,1
17759,13,0,1,1
17759,14,0,1,1
17759,15,15,1,1
17759,16,36,1,1
17759,17,29,1,1
17759,18,7,1,1
17759,19,15,1,1
17759,20,0,1,1
18060,2,0,1,1
18060,3,0,1,1
18060,4,0,1,1
18060,5,0,1,1
18060,6,1,1,1
18060,7,5,1,1
18060,8,3,1,1
18060,9,2,1,1
18060,10,0,1,1
18060,11,25,1,1
18060,12,0,1,1
18060,13,0,1,1
18060,14,0,1,1
18060,15,8,1,1
18060,16,33,1,1
18060,17,22,1,1
18060,18,6,1,1
18060,19,17,1,1
18060,20,2,1,1
18361,2,0,1,1
18361,3,0,1,1
18361,4,0,1,1
18361,5,0,1,1
18361,6,3,1,1
18361,7,4,1,1
18361,8,6,1,1
18361,9,3,1,1
18361,10,0,1,1
18361,11,12,1,1
18361,12,0,1,1
18361,13,0,1,1
18361,14,0,1,1
18361,15,15,1,1
18361,16,28,1,1
18361,17,24,1,1
18361,18,3,1,1
18361,19,9,1,1
18361,20,2,1,1
18662,2,0,1,1
18662,3,0,1,1
18662,4,0,1,1
18662,5,0,1,1
18662,6,2,1,1
18662,7,11,1,1
18662,8,4,1,1
18662,9,2,1,1
18662,10,0,1,1
18662,11,27,1,1
18662,12,0,1,1
18662,13,0,1,1
18662,14,0,1,1
18662,15,17,1,1
18662,16,43,1,1
18662,17,31,1,1
18662,18,4,1,1
18662,19,14,1,1
18662,20,2,1,1
18963,2,0,1,1
18963,3,0,1,1
18963,4,0,1,1
18963,5,0,1,1
18963,6,2,1,1
18963,7,5,1,1
18963,8,3,1,1
18963,9,1,1,1
18963,10,0,1,1
18963,11,29,1,1
18963,12,0,1,1
18963,13,0,1,1
18963,14,0,1,1
18963,15,6,1,1
18963,16,28,1,1
18963,17,21,1,1
18963,18,1,1,1
18963,19,15,1,1
18963,20,0,1,1
19264,2,0,1,1
19264,3,0,1,1
19264,4,0,1,1
19264,5,0,1,1
19264,6,2,1,1
19264,7,9,1,1
19264,8,4,1,1
19264,9,0,1,1
19264,10,0,1,1
19264,11,16,1,1
19264,12,0,1,1
19264,13,0,1,1
19264,14,0,1,1
19264,15,12,1,1
19264,16,26,1,1
19264,17,23,1,1
19264,18,1,1,1
19264,19,9,1,1
19264,20,0,1,1
19565,2,0,1,1
19565,3,0,1,1
19565,4,0,1,1
19565,5,0,1,1
19565,6,2,1,1
19565,7,7,1,1
19565,8,8,1,1
19565,9,2,1,1
19565,10,0,1,1
19565,11,22,1,1
19565,12,0,1,1
19565,13,0,1,1
19565,14,0,1,1
19565,15,14,1,1
19565,16,40,1,1
19565,17,28,1,1
19565,18,3,1,1
19565,19,9,1,1
19565,20,0,1,1
19866,2,0,1,1
19866,3,0,1,1
19866,4,0,1,1
19866,5,0,1,1
19866,6,2,1,1
19866,7,11,1,1
19866,8,2,1,1
19866,9,1,1,1
19866,10,0,1,1
19866,11,25,1,1
19866,12,0,1,1
19866,13,0,1,1
19866,14,0,1,1
19866,15,8,1,1
19866,16,34,1,1
19866,17,21,1,1
19866,18,5,1,1
19866,19,17,1,1
19866,20,1,1,1
20167,2,0,1,1
20167,3,0,1,1
20167,4,0,1,1
20167,5,0,1,1
20167,6,1,1,1
20167,7,6,1,1
20167,8,4,1,1
20167,9,2,1,1
20167,10,0,1,1
20167,11,17,1,1
20167,12,0,1,1
20167,13,0,1,1
20167,14,0,1,1
20167,15,15,1,1
20167,16,31,1,1
20167,17,24,1,1
20167,18,2,1,1
20167,19,12,1,1
20167,20,1,1,1
20468,2,0,1,1
20468,3,0,1,1
20468,4,0,1,1
20468,5,0,1,1
20468,6,0,1,1
20468,7,2,1,1
20468,8,5,1,1
20468,9,1,1,1
20468,10,0,1,1
20468,11,23,1,1
20468,12,0,1,1
20468,13,0,1,1
20468,14,0,1,1
20468,15,15,1,1
20468,16,36,1,1
20468,17,31,1,1
20468,18,4,1,1
20468,19,11,1,1
20468,20,1,1,1
20769,2,0,1,1
20769,3,0,1,1
20769,4,0,1,1
20769,5,0,1,1
20769,6,1,1,1
20769,7,4,1,1
20769,8,5,1,1
20769,9,4,1,1
20769,10,0,1,1
20769,11,26,1,1
20769,12,0,1,1
20769,13,0,1,1
20769,14,0,1,1
20769,15,6,1,1
20769,16,34,1,1
20769,17,20,1,1
20769,18,3,1,1
20769,19,16,1,1
20769,20,1,1,1
21070,2,0,1,1
21070,3,0,1,1
21070,4,0,1,1
21070,5,0,1,1
21070,6,1,1,1
21070,7,8,1,1
21070,8,4,1,1
21070,9,3,1,1
21070,10,0,1,1
21070,11,21,1,1
21070,12,0,1,1
21070,13,0,1,1
21070,14,0,1,1
21070,15,15,1,1
21070,16,28,1,1
21070,17,28,1,1
21070,18,5,1,1
21070,19,15,1,1
21070,20,2,1,1
21371,2,0,1,1
21371,3,0,1,1
21371,4,0,1,1
21371,5,0,1,1
21371,6,1,1,1
21371,7,11,1,1
21371,8,10,1,1
21371,9,6,1,1
21371,10,0,1,1
21371,11,18,1,1
21371,12,0,1,1
21371,13,0,1,1
21371,14,0,1,1
21371,15,20,1,1
21371,16,41,1,1
21371,17,31,1,1
21371,18,5,1,1
21371,19,11,1,1
21371,20,3,1,1
21672,2,0,1,1
21672,3,0,1,1
21672,4,0,1,1
21672,5,0,1,1
21672,6,2,1,1
21672,7,1,1,1
21672,8,2,1,1
21672,9,2,1,1
21672,10,0,1,1
21672,11,27,1,1
21672,12,0,1,1
21672,13,0,1,1
21672,14,0,1,1
21672,15,6,1,1
21672,16,31,1,1
21672,17,21,1,1
21672,18,4,1,1
21672,19,15,1,1
21672,20,2,1,1
21973,2,0,1,1
21973,3,0,1,1
21973,4,0,1,1
21973,5,0,1,1
21973,6,2,1,1
21973,7,8,1,1
21973,8,11,1,1
21973,9,6,1,1
21973,10,0,1,1
21973,11,24,1,1
21973,12,0,1,1
21973,13,0,1,1
21973,14,0,1,1
21973,15,15,1,1
21973,16,32,1,1
21973,17,33,1,1
21973,18,6,1,1
21973,19,15,1,1
21973,20,2,1,1
22274,2,0,1,1
22274,3,0,1,1
22274,4,0,1,1
22274,5,0,1,1
22274,6,2,1,1
22274,7,17,1,1
22274,8,13,1,1
22274,9,10,1,1
22274,10,0,1,1
22274,11,17,1,1
22274,12,0,1,1
22274,13,0,1,1
22274,14,0,1,1
22274,15,15,1,1
22274,16,40,1,1
22274,17,26,1,1
22274,18,3,1,1
22274,19,7,1,1
22274,20,1,1,1
22575,2,0,1,1
22575,3,0,1,1
22575,4,0,1,1
22575,5,0,1,1
22575,6,1,1,1
22575,7,5,1,1
22575,8,2,1,1
22575,9,2,1,1
22575,10,0,1,1
22575,11,27,1,1
22575,12,0,1,1
22575,13,0,1,1
22575,14,0,1,1
22575,15,7,1,1
22575,16,24,1,1
22575,17,21,1,1
22575,18,3,1,1
22575,19,17,1,1
22575,20,2,1,1
22876,2,0,1,1
22876,3,0,1,1
22876,4,0,1,1
22876,5,0,1,1
22876,6,3,1,1
22876,7,4,1,1
22876,8,11,1,1
22876,9,6,1,1
22876,10,0,1,1
22876,11,25,1,1
22876,12,0,1,1
22876,13,0,1,1
22876,14,0,1,1
22876,15,15,1,1
22876,16,37,1,1
22876,17,30,1,1
22876,18,5,1,1
22876,19,16,1,1
22876,20,2,1,1
23177,2,0,1,1
23177,3,0,1,1
23177,4,0,1,1
23177,5,0,1,1
23177,6,0,1,1
23177,7,15,1,1
23177,8,6,1,1
23177,9,2,1,1
23177,10,0,1,1
23177,11,14,1,1
23177,12,0,1,1
23177,13,0,1,1
23177,14,0,1,1
23177,15,17,1,1
23177,16,43,1,1
23177,17,27,1,1
23177,18,3,1,1
23177,19,8,1,1
23177,20,1,1,1
23478,2,0,1,1
23478,3,0,1,1
23478,4,0,1,1
23478,5,0,1,1
23478,6,0,1,1
23478,7,3,1,1
23478,8,2,1,1
23478,9,2,1,1
23478,10,0,1,1
23478,11,27,1,1
23478,12,0,1,1
23478,13,0,1,1
23478,14,0,1,1
23478,15,7,1,1
23478,16,29,1,1
23478,17,23,1,1
23478,18,6,1,1
23478,19,0,1,1
23478,20,2,1,1
23779,2,0,1,1
23779,3,0,1,1
23779,4,0,1,1
23779,5,0,1,1
23779,6,0,1,1
23779,7,8,1,1
23779,8,7,1,1
23779,9,3,1,1
23779,10,0,1,1
23779,11,27,1,1
23779,12,0,1,1
23779,13,0,1,1
23779,14,0,1,1
23779,15,14,1,1
23779,16,31,1,1
23779,17,31,1,1
23779,18,4,1,1
23779,19,0,1,1
23779,20,2,1,1
24080,2,0,1,1
24080,3,0,1,1
24080,4,0,1,1
24080,5,0,1,1
24080,6,0,1,1
24080,7,9,1,1
24080,8,7,1,1
24080,9,2,1,1
24080,10,0,1,1
24080,11,15,1,1
24080,12,0,1,1
24080,13,0,1,1
24080,14,0,1,1
24080,15,14,1,1
24080,16,38,1,1
24080,17,25,1,1
24080,18,0,1,1
24080,19,0,1,1
24080,20,1,1,1
24381,2,0,1,1
24381,3,0,1,1
24381,4,0,1,1
24381,5,0,1,1
24381,6,0,1,1
24381,7,5,1,1
24381,8,2,1,1
24381,9,2,1,1
24381,10,0,1,1
24381,11,27,1,1
24381,12,0,1,1
24381,13,0,1,1
24381,14,0,1,1
24381,15,8,1,1
24381,16,32,1,1
24381,17,21,1,1
24381,18,4,1,1
24381,19,0,1,1
24381,20,1,1,1
24682,2,0,1,1
24682,3,0,1,1
24682,4,0,1,1
24682,5,0,1,1
24682,6,0,1,1
24682,7,2,1,1
24682,8,9,1,1
24682,9,6,1,1
24682,10,0,1,1
24682,11,25,1,1
24682,12,0,1,1
24682,13,0,1,1
24682,14,0,1,1
24682,15,14,1,1
24682,16,28,1,1
24682,17,30,1,1
24682,18,5,1,1
24682,19,0,1,1
24682,20,3,1,1
24983,2,0,1,1
24983,3,0,1,1
24983,4,0,1,1
24983,5,0,1,1
24983,6,0,1,1
24983,7,12,1,1
24983,8,8,1,1
24983,9,5,1,1
24983,10,0,1,1
24983,11,11,1,1
24983,12,0,1,1
24983,13,0,1,1
24983,14,0,1,1
24983,15,14,1,1
24983,16,41,1,1
24983,17,22,1,1
24983,18,2,1,1
24983,19,0,1,1
24983,20,1,1,1
25284,2,0,1,1
25284,3,0,1,1
25284,4,0,1,1
25284,5,0,1,1
25284,6,1,1,1
25284,7,7,1,1
25284,8,2,1,1
25284,9,1,1,1
25284,10,0,1,1
25284,11,24,1,1
25284,12,0,1,1
25284,13,0,1,1
25284,14,0,1,1
25284,15,10,1,1
25284,16,32,1,1
25284,17,21,1,1
25284,18,6,1,1
25284,19,0,1,1
25284,20,1,1,1
25585,2,0,1,1
25585,3,0,1,1
25585,4,0,1,1
25585,5,0,1,1
25585,6,1,1,1
25585,7,8,1,1
25585,8,7,1,1
25585,9,3,1,1
25585,10,0,1,1
25585,11,26,1,1
25585,12,0,1,1
25585,13,0,1,1
25585,14,0,1,1
25585,15,12,1,1
25585,16,31,1,1
25585,17,32,1,1
25585,18,6,1,1
25585,19,0,1,1
25585,20,1,1,1
25886,2,0,1,1
25886,3,0,1,1
25886,4,0,1,1
25886,5,0,1,1
25886,6,0,1,1
25886,7,6,1,1
25886,8,4,1,1
25886,9,6,1,1
25886,10,0,1,1
25886,11,14,1,1
25886,12,0,1,1
25886,13,0,1,1
25886,14,0,1,1
25886,15,16,1,1
25886,16,39,1,1
25886,17,25,1,1
25886,18,2,1,1
25886,19,0,1,1
25886,20,6,1,1
26187,2,0,1,1
26187,3,0,1,1
26187,4,0,1,1
26187,5,0,1,1
26187,6,0,1,1
26187,7,1,1,1
26187,8,4,1,1
26187,9,1,1,1
26187,10,0,1,1
26187,11,25,1,1
26187,12,0,1,1
26187,13,0,1,1
26187,14,0,1,1
26187,15,9,1,1
26187,16,32,1,1
26187,17,22,1,1
26187,18,6,1,1
26187,19,0,1,1
26187,20,1,1,1
26488,2,0,1,1
26488,3,0,1,1
26488,4,0,1,1
26488,5,0,1,1
26488,6,0,1,1
26488,7,9,1,1
26488,8,7,1,1
26488,9,2,1,1
26488,10,0,1,1
26488,11,21,1,1
26488,12,0,1,1
26488,13,0,1,1
26488,14,0,1,1
26488,15,0,1,1
26488,16,25,1,1
26488,17,25,1,1
26488,18,4,1,1
26488,19,0,1,1
26488,20,0,1,1
26789,2,0,1,1
26789,3,0,1,1
26789,4,0,1,1
26789,5,0,1,1
26789,6,0,1,1
26789,7,5,1,1
26789,8,6,1,1
26789,9,0,1,1
26789,10,0,1,1
26789,11,9,1,1
26789,12,0,1,1
26789,13,0,1,1
26789,14,0,1,1
26789,15,0,1,1
26789,16,23,1,1
26789,17,19,1,1
26789,18,1,1,1
26789,19,0,1,1
26789,20,0,1,1
27090,2,0,1,1
27090,3,0,1,1
27090,4,0,1,1
27090,5,0,1,1
27090,6,0,1,1
27090,7,9,1,1
27090,8,2,1,1
27090,9,0,1,1
27090,10,0,1,1
27090,11,17,1,1
27090,12,0,1,1
27090,13,0,1,1
27090,14,0,1,1
27090,15,0,1,1
27090,16,22,1,1
27090,17,9,1,1
27090,18,1,1,1
27090,19,0,1,1
27090,20,0,1,1
27391,2,0,1,1
27391,3,0,1,1
27391,4,0,1,1
27391,5,0,1,1
27391,6,0,1,1
27391,7,3,1,1
27391,8,4,1,1
27391,9,0,1,1
27391,10,0,1,1
27391,11,15,1,1
27391,12,0,1,1
27391,13,0,1,1
27391,14,0,1,1
27391,15,0,1,1
27391,16,19,1,1
27391,17,18,1,1
27391,18,3,1,1
27391,19,0,1,1
27391,20,0,1,1
27692,2,0,1,1
27692,3,0,1,1
27692,4,0,1,1
27692,5,0,1,1
27692,6,0,1,1
27692,7,2,1,1
27692,8,5,1,1
27692,9,0,1,1
27692,10,0,1,1
27692,11,8,1,1
27692,12,0,1,1
27692,13,0,1,1
27692,14,0,1,1
27692,15,1,1,1
27692,16,17,1,1
27692,17,19,1,1
27692,18,1,1,1
27692,19,0,1,1
27692,20,0,1,1
27993,2,0,1,1
27993,3,0,1,1
27993,4,0,1,1
27993,5,0,1,1
27993,6,0,1,1
27993,7,2,1,1
27993,8,3,1,1
27993,9,1,1,1
27993,10,0,1,1
27993,11,19,1,1
27993,12,0,1,1
27993,13,0,1,1
27993,14,0,1,1
27993,15,0,1,1
27993,16,26,1,1
27993,17,9,1,1
27993,18,0,1,1
27993,19,0,1,1
27993,20,1,1,1
28294,2,0,1,1
28294,3,0,1,1
28294,4,0,1,1
28294,5,0,1,1
28294,6,0,1,1
28294,7,8,1,1
28294,8,5,1,1
28294,9,1,1,1
28294,10,0,1,1
28294,11,13,1,1
28294,12,0,1,1
28294,13,0,1,1
28294,14,0,1,1
28294,15,1,1,1
28294,16,22,1,1
28294,17,19,1,1
28294,18,6,1,1
28294,19,0,1,1
28294,20,1,1,1
28595,2,0,1,1
28595,3,0,1,1
28595,4,0,1,1
28595,5,0,1,1
28595,6,0,1,1
28595,7,4,1,1
28595,8,3,1,1
28595,9,1,1,1
28595,10,0,1,1
28595,11,10,1,1
28595,12,0,1,1
28595,13,0,1,1
28595,14,0,1,1
28595,15,1,1,1
28595,16,17,1,1
28595,17,20,1,1
28595,18,1,1,1
28595,19,0,1,1
28595,20,1,1,1
28896,2,0,1,1
28896,3,0,1,1
28896,4,0,1,1
28896,5,0,1,1
28896,6,0,1,1
28896,7,5,1,1
28896,8,3,1,1
28896,9,0,1,1
28896,10,0,1,1
28896,11,16,1,1
28896,12,0,1,1
28896,13,0,1,1
28896,14,0,1,1
28896,15,0,1,1
28896,16,21,1,1
28896,17,15,1,1
28896,18,2,1,1
28896,19,0,1,1
28896,20,0,1,1
29197,2,0,1,1
29197,3,0,1,1
29197,4,0,1,1
29197,5,0,1,1
29197,6,3,1,1
29197,7,11,1,1
29197,8,36,1,1
29197,9,5,1,1
29197,10,0,1,1
29197,11,17,1,1
29197,12,0,1,1
29197,13,0,1,1
29197,14,0,1,1
29197,15,0,1,1
29197,16,32,1,1
29197,17,12,1,1
29197,18,1,1,1
29197,19,0,1,1
29197,20,0,1,1
29498,2,0,1,1
29498,3,0,1,1
29498,4,0,1,1
29498,5,0,1,1
29498,6,1,1,1
29498,7,74,1,1
29498,8,81,1,1
29498,9,7,1,1
29498,10,0,1,1
29498,11,8,1,1
29498,12,0,1,1
29498,13,0,1,1
29498,14,0,1,1
29498,15,0,1,1
29498,16,75,1,1
29498,17,18,1,1
29498,18,1,1,1
29498,19,0,1,1
29498,20,0,1,1
29799,2,0,1,1
29799,3,0,1,1
29799,4,0,1,1
29799,5,0,1,1
29799,6,1,1,1
29799,7,72,1,1
29799,8,47,1,1
29799,9,2,1,1
29799,10,0,1,1
29799,11,15,1,1
29799,12,0,1,1
29799,13,0,1,1
29799,14,0,1,1
29799,15,0,1,1
29799,16,45,1,1
29799,17,19,1,1
29799,18,4,1,1
29799,19,0,1,1
29799,20,0,1,1
30100,2,0,1,1
30100,3,0,1,1
30100,4,0,1,1
30100,5,0,1,1
30100,6,0,1,1
30100,7,74,1,1
30100,8,62,1,1
30100,9,7,1,1
30100,10,0,1,1
30100,11,12,1,1
30100,12,0,1,1
30100,13,0,1,1
30100,14,0,1,1
30100,15,0,1,1
30100,16,56,1,1
30100,17,9,1,1
30100,18,6,1,1
30100,19,0,1,1
30100,20,0,1,1
30401,2,0,1,1
30401,3,0,1,1
30401,4,0,1,1
30401,5,0,1,1
30401,6,1,1,1
30401,7,78,1,1
30401,8,65,1,1
30401,9,9,1,1
30401,10,0,1,1
30401,11,8,1,1
30401,12,0,1,1
30401,13,0,1,1
30401,14,0,1,1
30401,15,2,1,1
30401,16,55,1,1
30401,17,18,1,1
30401,18,1,1,1
30401,19,0,1,1
30401,20,2,1,1
30702,2,0,1,1
30702,3,0,1,1
30702,4,0,1,1
30702,5,0,1,1
30702,6,0,1,1
30702,7,68,1,1
30702,8,54,1,1
30702,9,6,1,1
30702,10,0,1,1
30702,11,16,1,1
30702,12,0,1,1
30702,13,0,1,1
30702,14,0,1,1
30702,15,0,1,1
30702,16,50,1,1
30702,17,18,1,1
30702,18,2,1,1
30702,19,0,1,1
30702,20,0,1,1
31003,2,0,1,1
31003,3,0,1,1
31003,4,0,1,1
31003,5,0,1,1
31003,6,0,1,1
31003,7,68,1,1
31003,8,61,1,1
31003,9,3,1,1
31003,10,0,1,1
31003,11,17,1,1
31003,12,0,1,1
31003,13,0,1,1
31003,14,0,1,1
31003,15,0,1,1
31003,16,59,1,1
31003,17,9,1,1
31003,18,1,1,1
31003,19,0,1,1
31003,20,0,1,1
31304,2,0,1,1
31304,3,0,1,1
31304,4,0,1,1
31304,5,0,1,1
31304,6,0,1,1
31304,7,85,1,1
31304,8,64,1,1
31304,9,7,1,1
31304,10,0,1,1
31304,11,10,1,1
31304,12,0,1,1
31304,13,0,1,1
31304,14,0,1,1
31304,15,0,1,1
31304,16,58,1,1
31304,17,19,1,1
31304,18,0,1,1
31304,19,0,1,1
31304,20,0,1,1
31605,2,0,1,1
31605,3,0,1,1
31605,4,0,1,1
31605,5,0,1,1
31605,6,2,1,1
31605,7,71,1,1
31605,8,46,1,1
31605,9,8,1,1
31605,10,0,1,1
31605,11,17,1,1
31605,12,0,1,1
31605,13,0,1,1
31605,14,0,1,1
31605,15,0,1,1
31605,16,36,1,1
31605,17,20,1,1
31605,18,2,1,1
31605,19,0,1,1
31605,20,0,1,1
31906,2,0,1,1
31906,3,0,1,1
31906,4,0,1,1
31906,5,0,1,1
31906,6,2,1,1
31906,7,63,1,1
31906,8,41,1,1
31906,9,5,1,1
31906,10,0,1,1
31906,11,16,1,1
31906,12,0,1,1
31906,13,0,1,1
31906,14,0,1,1
31906,15,1,1,1
31906,16,34,1,1
31906,17,10,1,1
31906,18,4,1,1
31906,19,0,1,1
31906,20,1,1,1
32207,2,0,1,1
32207,3,0,1,1
32207,4,0,1,1
32207,5,0,1,1
32207,6,1,1,1
32207,7,36,1,1
32207,8,76,1,1
32207,9,7,1,1
32207,10,0,1,1
32207,11,9,1,1
32207,12,0,1,1
32207,13,0,1,1
32207,14,0,1,1
32207,15,0,1,1
32207,16,74,1,1
32207,17,18,1,1
32207,18,0,1,1
32207,19,0,1,1
32207,20,0,1,1
32508,2,0,1,1
32508,3,0,1,1
32508,4,0,1,1
32508,5,0,1,1
32508,6,1,1,1
32508,7,0,1,1
32508,8,52,1,1
32508,9,6,1,1
32508,10,0,1,1
32508,11,14,1,1
32508,12,0,1,1
32508,13,0,1,1
32508,14,0,1,1
32508,15,1,1,1
32508,16,44,1,1
32508,17,18,1,1
32508,18,4,1,1
32508,19,0,1,1
32508,20,0,1,1
32809,2,0,1,1
32809,3,0,1,1
32809,4,0,1,1
32809,5,0,1,1
32809,6,3,1,1
32809,7,0,1,1
32809,8,47,1,1
32809,9,6,1,1
32809,10,0,1,1
32809,11,16,1,1
32809,12,0,1,1
32809,13,0,1,1
32809,14,0,1,1
32809,15,0,1,1
32809,16,44,1,1
32809,17,9,1,1
32809,18,2,1,1
32809,19,0,1,1
32809,20,1,1,1
33110,2,0,1,1
33110,3,0,1,1
33110,4,0,1,1
33110,5,0,1,1
33110,6,0,1,1
33110,7,0,1,1
33110,8,71,1,1
33110,9,4,1,1
33110,10,0,1,1
33110,11,8,1,1
33110,12,0,1,1
33110,13,0,1,1
33110,14,0,1,1
33110,15,1,1,1
33110,16,66,1,1
33110,17,18,1,1
33110,18,1,1,1
33110,19,0,1,1
33110,20,0,1,1
33411,2,0,1,1
33411,3,0,1,1
33411,4,0,1,1
33411,5,0,1,1
33411,6,3,1,1
33411,7,0,1,1
33411,8,26,1,1
33411,9,8,1,1
33411,10,0,1,1
33411,11,14,1,1
33411,12,0,1,1
33411,13,0,1,1
33411,14,0,1,1
33411,15,1,1,1
33411,16,25,1,1
33411,17,11,1,1
33411,18,3,1,1
33411,19,0,1,1
33411,20,2,1,1
33712,2,0,1,1
33712,3,0,1,1
33712,4,0,1,1
33712,5,0,1,1
33712,6,0,1,1
33712,7,0,1,1
33712,8,0,1,1
33712,9,0,1,1
33712,10,0,1,1
33712,11,0,1,1
33712,12,0,1,1
33712,13,0,1,1
33712,14,0,1,1
33712,15,0,1,1
33712,16,0,1,1
33712,17,0,1,1
33712,18,3,1,1
33712,19,0,1,1
33712,20,0,1,1
